Ano,nivel_geografico_x,IdServicio_master,servicio_salud_master,IdComuna_master,comuna_master,nivel_geografico_y,nivel_geografico,sexo,15_24_numerador,15_24_denominador,15_24_cobertura_pct,25_34_numerador,25_34_denominador,25_34_cobertura_pct,35_44_numerador,35_44_denominador,35_44_cobertura_pct,45_54_numerador,45_54_denominador,45_54_cobertura_pct,55_64_numerador,55_64_denominador,55_64_cobertura_pct,65_mas_numerador,65_mas_denominador,65_mas_cobertura_pct,total_15_mas_numerador,total_15_mas_denominador,total_15_mas_cobertura_pct
2023,comuna,9,Servicio de Salud Metropolitano Norte,13104,Conchalí,comuna,comuna,Mujer,0,7799.0,0.0,0,9912.0,0.0,0,8166.0,0.0,0,7626.0,0.0,0,8032.0,0.0,0,12091.0,0.0,11594,53626.0,21.62010964830493
2023,comuna,9,Servicio de Salud Metropolitano Norte,13107,Huechuraba,comuna,comuna,Mujer,0,5313.0,0.0,0,6216.0,0.0,0,4847.0,0.0,0,5116.0,0.0,0,4563.0,0.0,0,5935.0,0.0,8439,31990.0,26.380118787120978
2023,comuna,9,Servicio de Salud Metropolitano Norte,13108,Independencia,comuna,comuna,Mujer,0,5047.0,0.0,0,9533.0,0.0,0,7755.0,0.0,0,5723.0,0.0,0,5084.0,0.0,0,7275.0,0.0,5011,40417.0,12.398248261870005
2023,comuna,9,Servicio de Salud Metropolitano Norte,13125,Quilicura,comuna,comuna,Mujer,0,11816.0,0.0,0,14939.0,0.0,0,11967.0,0.0,0,11411.0,0.0,0,10102.0,0.0,0,8589.0,0.0,12479,68824.0,18.131756364059047
2023,comuna,9,Servicio de Salud Metropolitano Norte,13127,Recoleta,comuna,comuna,Mujer,0,8248.0,0.0,0,11594.0,0.0,0,9735.0,0.0,0,8554.0,0.0,0,7943.0,0.0,0,11330.0,0.0,11966,57404.0,20.845237265695772
2023,comuna,9,Servicio de Salud Metropolitano Norte,13301,Colina,comuna,comuna,Mujer,0,8005.0,0.0,0,9299.0,0.0,0,7775.0,0.0,0,7029.0,0.0,0,5732.0,0.0,0,5289.0,0.0,10780,43129.0,24.99478309258272
2023,comuna,9,Servicio de Salud Metropolitano Norte,13302,Lampa,comuna,comuna,Mujer,0,5872.0,0.0,0,7060.0,0.0,0,5703.0,0.0,0,4662.0,0.0,0,3845.0,0.0,0,3459.0,0.0,6647,30601.0,21.721512368876834
2023,comuna,9,Servicio de Salud Metropolitano Norte,13303,Tiltil,comuna,comuna,Mujer,0,1007.0,0.0,0,1197.0,0.0,0,981.0,0.0,0,923.0,0.0,0,938.0,0.0,0,973.0,0.0,649,6019.0,10.782522013623526
2023,comuna,10,Servicio de Salud Metropolitano Occidente,13103,Cerro Navia,comuna,comuna,Mujer,0,8669.0,0.0,0,11120.0,0.0,0,8711.0,0.0,0,8691.0,0.0,0,7685.0,0.0,0,9582.0,0.0,8631,54458.0,15.848911087443534
2023,comuna,10,Servicio de Salud Metropolitano Occidente,13117,Lo Prado,comuna,comuna,Mujer,0,8527.0,0.0,0,11448.0,0.0,0,9170.0,0.0,0,9605.0,0.0,0,8618.0,0.0,0,12066.0,0.0,12754,59434.0,21.45909748628731
2023,comuna,10,Servicio de Salud Metropolitano Occidente,13124,Pudahuel,comuna,comuna,Mujer,0,14165.0,0.0,0,18428.0,0.0,0,14791.0,0.0,0,14090.0,0.0,0,14956.0,0.0,0,15053.0,0.0,18801,91483.0,20.55135926893521
2023,comuna,10,Servicio de Salud Metropolitano Occidente,13126,Quinta Normal,comuna,comuna,Mujer,0,6058.0,0.0,0,8693.0,0.0,0,7044.0,0.0,0,6177.0,0.0,0,6103.0,0.0,0,8606.0,0.0,9065,42681.0,21.238958787282396
2023,comuna,10,Servicio de Salud Metropolitano Occidente,13128,Renca,comuna,comuna,Mujer,0,9773.0,0.0,0,11521.0,0.0,0,9843.0,0.0,0,9233.0,0.0,0,8057.0,0.0,0,10070.0,0.0,11651,58497.0,19.91726071422466
2023,comuna,10,Servicio de Salud Metropolitano Occidente,13501,Melipilla,comuna,comuna,Mujer,0,8039.0,0.0,0,9868.0,0.0,0,8229.0,0.0,0,7284.0,0.0,0,7233.0,0.0,0,8706.0,0.0,7325,49359.0,14.840252031037906
2023,comuna,10,Servicio de Salud Metropolitano Occidente,13502,Alhué,comuna,comuna,Mujer,0,408.0,0.0,0,684.0,0.0,0,503.0,0.0,0,415.0,0.0,0,418.0,0.0,0,484.0,0.0,724,2912.0,24.862637362637365
2023,comuna,10,Servicio de Salud Metropolitano Occidente,13503,Curacaví,comuna,comuna,Mujer,0,101.0,0.0,0,139.0,0.0,0,150.0,0.0,0,105.0,0.0,0,122.0,0.0,0,171.0,0.0,703,788.0,89.21319796954315
2023,comuna,10,Servicio de Salud Metropolitano Occidente,13504,Maria Pinto,comuna,comuna,Mujer,0,1002.0,0.0,0,1277.0,0.0,0,1078.0,0.0,0,937.0,0.0,0,950.0,0.0,0,1092.0,0.0,1253,6336.0,19.775883838383837
2023,comuna,10,Servicio de Salud Metropolitano Occidente,13505,San Pedro,comuna,comuna,Mujer,0,995.0,0.0,0,1135.0,0.0,0,873.0,0.0,0,696.0,0.0,0,595.0,0.0,0,843.0,0.0,485,5137.0,9.441308156511582
2023,comuna,10,Servicio de Salud Metropolitano Occidente,13601,Talagante,comuna,comuna,Mujer,0,3928.0,0.0,0,4878.0,0.0,0,3977.0,0.0,0,3717.0,0.0,0,3983.0,0.0,0,4338.0,0.0,4276,24821.0,17.227347810321906
2023,comuna,10,Servicio de Salud Metropolitano Occidente,13602,El Monte,comuna,comuna,Mujer,0,2260.0,0.0,0,2624.0,0.0,0,2362.0,0.0,0,2064.0,0.0,0,2011.0,0.0,0,2151.0,0.0,2238,13472.0,16.61223277909739
2023,comuna,10,Servicio de Salud Metropolitano Occidente,13603,Isla de Maipo,comuna,comuna,Mujer,0,2307.0,0.0,0,2692.0,0.0,0,2296.0,0.0,0,2158.0,0.0,0,2118.0,0.0,0,2293.0,0.0,2268,13864.0,16.358915175995385
2023,comuna,10,Servicio de Salud Metropolitano Occidente,13604,Padre Hurtado,comuna,comuna,Mujer,0,3695.0,0.0,0,4643.0,0.0,0,3840.0,0.0,0,3477.0,0.0,0,3275.0,0.0,0,3608.0,0.0,4553,22538.0,20.201437572100453
2023,comuna,10,Servicio de Salud Metropolitano Occidente,13605,Peñaflor,comuna,comuna,Mujer,0,5672.0,0.0,0,6505.0,0.0,0,5339.0,0.0,0,5502.0,0.0,0,5209.0,0.0,0,6165.0,0.0,6224,34392.0,18.097231914398698
2023,comuna,11,Servicio de Salud Metropolitano Central,13101,Santiago,comuna,comuna,Mujer,0,13567.0,0.0,0,25500.0,0.0,0,23144.0,0.0,0,16614.0,0.0,0,15319.0,0.0,0,21394.0,0.0,18484,115538.0,15.998199726496908
2023,comuna,11,Servicio de Salud Metropolitano Central,13102,Cerrillos,comuna,comuna,Mujer,0,3207.0,0.0,0,3722.0,0.0,0,3141.0,0.0,0,3213.0,0.0,0,3417.0,0.0,0,5025.0,0.0,3888,21725.0,17.896432681242807
2023,comuna,11,Servicio de Salud Metropolitano Central,13106,Estación Central,comuna,comuna,Mujer,0,6037.0,0.0,0,10705.0,0.0,0,7288.0,0.0,0,5409.0,0.0,0,5555.0,0.0,0,7191.0,0.0,6828,42185.0,16.18584805025483
2023,comuna,11,Servicio de Salud Metropolitano Central,13119,Maipú,comuna,comuna,Mujer,0,20108.0,0.0,0,24450.0,0.0,0,19344.0,0.0,0,19300.0,0.0,0,24702.0,0.0,0,28694.0,0.0,29093,136598.0,21.298262053617183
2023,comuna,12,Servicio de Salud Metropolitano Oriente,13113,La Reina,comuna,comuna,Mujer,0,2430.0,0.0,0,3210.0,0.0,0,2863.0,0.0,0,3283.0,0.0,0,3366.0,0.0,0,5803.0,0.0,4399,20955.0,20.992603197327604
2023,comuna,12,Servicio de Salud Metropolitano Oriente,13114,Las Condes,comuna,comuna,Mujer,0,3621.0,0.0,0,5209.0,0.0,0,5788.0,0.0,0,7194.0,0.0,0,8413.0,0.0,0,14715.0,0.0,9699,44940.0,21.582109479305743
2023,comuna,12,Servicio de Salud Metropolitano Oriente,13115,Lo Barnechea,comuna,comuna,Mujer,0,2448.0,0.0,0,3494.0,0.0,0,3890.0,0.0,0,4700.0,0.0,0,4577.0,0.0,0,3682.0,0.0,3401,22791.0,14.922557149752095
2023,comuna,12,Servicio de Salud Metropolitano Oriente,13118,Macul,comuna,comuna,Mujer,0,6958.0,0.0,0,10257.0,0.0,0,8872.0,0.0,0,8562.0,0.0,0,8371.0,0.0,0,12511.0,0.0,12801,55531.0,23.051988979128772
2023,comuna,12,Servicio de Salud Metropolitano Oriente,13120,Ñuñoa,comuna,comuna,Mujer,0,3895.0,0.0,0,5993.0,0.0,0,5951.0,0.0,0,5447.0,0.0,0,6621.0,0.0,0,13689.0,0.0,10419,41596.0,25.04808154630253
2023,comuna,12,Servicio de Salud Metropolitano Oriente,13122,Peñalolén,comuna,comuna,Mujer,0,14392.0,0.0,0,18379.0,0.0,0,14743.0,0.0,0,15450.0,0.0,0,13228.0,0.0,0,17030.0,0.0,20790,93222.0,22.301602625989574
2023,comuna,12,Servicio de Salud Metropolitano Oriente,13123,Providencia,comuna,comuna,Mujer,0,3027.0,0.0,0,5431.0,0.0,0,5677.0,0.0,0,5236.0,0.0,0,5865.0,0.0,0,11728.0,0.0,8751,36964.0,23.674385888973053
2023,comuna,12,Servicio de Salud Metropolitano Oriente,13132,Vitacura,comuna,comuna,Mujer,0,638.0,0.0,0,999.0,0.0,0,1610.0,0.0,0,2618.0,0.0,0,2879.0,0.0,0,3743.0,0.0,3296,12487.0,26.39545126932009
2023,comuna,13,Servicio de Salud Metropolitano Sur,13105,El Bosque,comuna,comuna,Mujer,0,12726.0,0.0,0,15422.0,0.0,0,12762.0,0.0,0,11157.0,0.0,0,11080.0,0.0,0,13574.0,0.0,19344,76721.0,25.21343569557227
2023,comuna,13,Servicio de Salud Metropolitano Sur,13109,La Cisterna,comuna,comuna,Mujer,0,4360.0,0.0,0,6282.0,0.0,0,5182.0,0.0,0,4435.0,0.0,0,4601.0,0.0,0,7396.0,0.0,7828,32256.0,24.268353174603174
2023,comuna,13,Servicio de Salud Metropolitano Sur,13116,Lo Espejo,comuna,comuna,Mujer,0,6492.0,0.0,0,8868.0,0.0,0,6533.0,0.0,0,5687.0,0.0,0,6804.0,0.0,0,7704.0,0.0,6940,42088.0,16.48926059684471
2023,comuna,13,Servicio de Salud Metropolitano Sur,13121,Pedro Aguirre Cerda,comuna,comuna,Mujer,0,6733.0,0.0,0,9490.0,0.0,0,7848.0,0.0,0,6783.0,0.0,0,8160.0,0.0,0,10121.0,0.0,13499,49135.0,27.473287880329707
2023,comuna,13,Servicio de Salud Metropolitano Sur,13129,San Joaquín,comuna,comuna,Mujer,0,5372.0,0.0,0,7894.0,0.0,0,6518.0,0.0,0,6047.0,0.0,0,6381.0,0.0,0,8857.0,0.0,9802,41069.0,23.867150405415277
2023,comuna,13,Servicio de Salud Metropolitano Sur,13130,San Miguel,comuna,comuna,Mujer,0,5117.0,0.0,0,8903.0,0.0,0,7306.0,0.0,0,5549.0,0.0,0,6379.0,0.0,0,9498.0,0.0,10738,42752.0,25.116953592814372
2023,comuna,13,Servicio de Salud Metropolitano Sur,13401,San Bernardo,comuna,comuna,Mujer,0,18301.0,0.0,0,21433.0,0.0,0,17571.0,0.0,0,16667.0,0.0,0,15637.0,0.0,0,17230.0,0.0,21618,106839.0,20.234184146238732
2023,comuna,13,Servicio de Salud Metropolitano Sur,13402,Buin,comuna,comuna,Mujer,0,6607.0,0.0,0,7987.0,0.0,0,7135.0,0.0,0,6022.0,0.0,0,5532.0,0.0,0,5895.0,0.0,9167,39178.0,23.39833580070448
2023,comuna,13,Servicio de Salud Metropolitano Sur,13403,Calera de Tango,comuna,comuna,Mujer,0,1275.0,0.0,0,1562.0,0.0,0,1305.0,0.0,0,1286.0,0.0,0,1269.0,0.0,0,1295.0,0.0,1999,7992.0,25.012512512512515
2023,comuna,13,Servicio de Salud Metropolitano Sur,13404,Paine,comuna,comuna,Mujer,0,4829.0,0.0,0,5771.0,0.0,0,4890.0,0.0,0,4384.0,0.0,0,4047.0,0.0,0,4293.0,0.0,6395,28214.0,22.666052314453815
2023,comuna,14,Servicio de Salud Metropolitano Sur Oriente,13110,La Florida,comuna,comuna,Mujer,0,21477.0,0.0,0,28698.0,0.0,0,23789.0,0.0,0,21513.0,0.0,0,23624.0,0.0,0,33949.0,0.0,26167,153050.0,17.09702711532179
2023,comuna,14,Servicio de Salud Metropolitano Sur Oriente,13111,La Granja,comuna,comuna,Mujer,0,10150.0,0.0,0,12036.0,0.0,0,10523.0,0.0,0,8911.0,0.0,0,9981.0,0.0,0,11184.0,0.0,9908,62785.0,15.780839372461575
2023,comuna,14,Servicio de Salud Metropolitano Sur Oriente,13112,La Pintana,comuna,comuna,Mujer,0,12298.0,0.0,0,13420.0,0.0,0,11255.0,0.0,0,9856.0,0.0,0,9517.0,0.0,0,10940.0,0.0,11654,67286.0,17.320096305323542
2023,comuna,14,Servicio de Salud Metropolitano Sur Oriente,13131,San Ramón,comuna,comuna,Mujer,0,5482.0,0.0,0,6228.0,0.0,0,5035.0,0.0,0,5601.0,0.0,0,4901.0,0.0,0,7165.0,0.0,7712,34412.0,22.41078693479019
2023,comuna,14,Servicio de Salud Metropolitano Sur Oriente,13201,Puente Alto,comuna,comuna,Mujer,0,29957.0,0.0,0,35393.0,0.0,0,27977.0,0.0,0,27919.0,0.0,0,30855.0,0.0,0,29793.0,0.0,25273,181894.0,13.89435605352568
2023,comuna,14,Servicio de Salud Metropolitano Sur Oriente,13202,Pirque,comuna,comuna,Mujer,0,1557.0,0.0,0,1824.0,0.0,0,1567.0,0.0,0,1580.0,0.0,0,1602.0,0.0,0,1764.0,0.0,1660,9894.0,16.777845158682027
2023,comuna,14,Servicio de Salud Metropolitano Sur Oriente,13203,San José de Maipo,comuna,comuna,Mujer,0,178.0,0.0,0,215.0,0.0,0,199.0,0.0,0,203.0,0.0,0,220.0,0.0,0,200.0,0.0,184,1215.0,15.144032921810698
2024,comuna,9,Servicio de Salud Metropolitano Norte,13104,Conchalí,comuna,comuna,Mujer,0,7824.0,0.0,0,10171.0,0.0,0,8584.0,0.0,0,7660.0,0.0,0,8107.0,0.0,0,11444.0,0.0,12793,53790.0,23.78323108384458
2024,comuna,9,Servicio de Salud Metropolitano Norte,13107,Huechuraba,comuna,comuna,Mujer,0,5407.0,0.0,0,6557.0,0.0,0,5143.0,0.0,0,5116.0,0.0,0,4843.0,0.0,0,6117.0,0.0,8274,33183.0,24.934454389295723
2024,comuna,9,Servicio de Salud Metropolitano Norte,13108,Independencia,comuna,comuna,Mujer,0,5599.0,0.0,0,10420.0,0.0,0,8794.0,0.0,0,6267.0,0.0,0,5483.0,0.0,0,7773.0,0.0,6354,44336.0,14.331468783832552
2024,comuna,9,Servicio de Salud Metropolitano Norte,13125,Quilicura,comuna,comuna,Mujer,0,12279.0,0.0,0,15690.0,0.0,0,13020.0,0.0,0,11854.0,0.0,0,10703.0,0.0,0,9380.0,0.0,14927,72926.0,20.468694292844802
2024,comuna,9,Servicio de Salud Metropolitano Norte,13127,Recoleta,comuna,comuna,Mujer,0,8823.0,0.0,0,12353.0,0.0,0,10601.0,0.0,0,8985.0,0.0,0,8231.0,0.0,0,11774.0,0.0,10899,60767.0,17.93572169104942
2024,comuna,9,Servicio de Salud Metropolitano Norte,13301,Colina,comuna,comuna,Mujer,0,8761.0,0.0,0,10253.0,0.0,0,9000.0,0.0,0,7653.0,0.0,0,6223.0,0.0,0,5812.0,0.0,11457,47702.0,24.017860886336003
2024,comuna,9,Servicio de Salud Metropolitano Norte,13302,Lampa,comuna,comuna,Mujer,0,6280.0,0.0,0,7665.0,0.0,0,6329.0,0.0,0,4922.0,0.0,0,4077.0,0.0,0,3822.0,0.0,7843,33095.0,23.698443873696935
2024,comuna,9,Servicio de Salud Metropolitano Norte,13303,Tiltil,comuna,comuna,Mujer,0,1043.0,0.0,0,1273.0,0.0,0,1097.0,0.0,0,909.0,0.0,0,1007.0,0.0,0,1041.0,0.0,635,6370.0,9.968602825745682
2024,comuna,10,Servicio de Salud Metropolitano Occidente,13103,Cerro Navia,comuna,comuna,Mujer,0,8751.0,0.0,0,11483.0,0.0,0,9153.0,0.0,0,8574.0,0.0,0,7925.0,0.0,0,9727.0,0.0,10357,55613.0,18.623343462859403
2024,comuna,10,Servicio de Salud Metropolitano Occidente,13117,Lo Prado,comuna,comuna,Mujer,0,8601.0,0.0,0,11815.0,0.0,0,9652.0,0.0,0,9627.0,0.0,0,8848.0,0.0,0,12281.0,0.0,13419,60824.0,22.062014994081284
2024,comuna,10,Servicio de Salud Metropolitano Occidente,13124,Pudahuel,comuna,comuna,Mujer,0,14401.0,0.0,0,18840.0,0.0,0,15745.0,0.0,0,14145.0,0.0,0,15166.0,0.0,0,15798.0,0.0,21201,94095.0,22.531484138370793
2024,comuna,10,Servicio de Salud Metropolitano Occidente,13126,Quinta Normal,comuna,comuna,Mujer,0,6304.0,0.0,0,9332.0,0.0,0,7771.0,0.0,0,6420.0,0.0,0,6257.0,0.0,0,8809.0,0.0,9756,44893.0,21.731673089345776
2024,comuna,10,Servicio de Salud Metropolitano Occidente,13128,Renca,comuna,comuna,Mujer,0,10103.0,0.0,0,12287.0,0.0,0,10546.0,0.0,0,9611.0,0.0,0,8313.0,0.0,0,10536.0,0.0,12648,61396.0,20.600690598736072
2024,comuna,10,Servicio de Salud Metropolitano Occidente,13501,Melipilla,comuna,comuna,Mujer,0,8365.0,0.0,0,10392.0,0.0,0,8863.0,0.0,0,7425.0,0.0,0,7425.0,0.0,0,9238.0,0.0,9182,51708.0,17.75740697764369
2024,comuna,10,Servicio de Salud Metropolitano Occidente,13502,Alhué,comuna,comuna,Mujer,0,475.0,0.0,0,753.0,0.0,0,598.0,0.0,0,458.0,0.0,0,435.0,0.0,0,527.0,0.0,858,3246.0,26.432532347504623
2024,comuna,10,Servicio de Salud Metropolitano Occidente,13503,Curacaví,comuna,comuna,Mujer,0,178.0,0.0,0,256.0,0.0,0,241.0,0.0,0,183.0,0.0,0,199.0,0.0,0,298.0,0.0,983,1355.0,72.54612546125462
2024,comuna,10,Servicio de Salud Metropolitano Occidente,13504,Maria Pinto,comuna,comuna,Mujer,0,1027.0,0.0,0,1318.0,0.0,0,1139.0,0.0,0,983.0,0.0,0,1004.0,0.0,0,1186.0,0.0,984,6657.0,14.781433077963047
2024,comuna,10,Servicio de Salud Metropolitano Occidente,13505,San Pedro,comuna,comuna,Mujer,0,1093.0,0.0,0,1265.0,0.0,0,993.0,0.0,0,738.0,0.0,0,655.0,0.0,0,902.0,0.0,731,5646.0,12.947219270279845
2024,comuna,10,Servicio de Salud Metropolitano Occidente,13601,Talagante,comuna,comuna,Mujer,0,4045.0,0.0,0,5061.0,0.0,0,4349.0,0.0,0,3731.0,0.0,0,4173.0,0.0,0,4619.0,0.0,5171,25978.0,19.90530448841327
2024,comuna,10,Servicio de Salud Metropolitano Occidente,13602,El Monte,comuna,comuna,Mujer,0,2287.0,0.0,0,2718.0,0.0,0,2492.0,0.0,0,2057.0,0.0,0,2120.0,0.0,0,2294.0,0.0,2778,13968.0,19.888316151202748
2024,comuna,10,Servicio de Salud Metropolitano Occidente,13603,Isla de Maipo,comuna,comuna,Mujer,0,2388.0,0.0,0,2759.0,0.0,0,2476.0,0.0,0,2199.0,0.0,0,2198.0,0.0,0,2441.0,0.0,2574,14461.0,17.799598921236427
2024,comuna,10,Servicio de Salud Metropolitano Occidente,13604,Padre Hurtado,comuna,comuna,Mujer,0,3922.0,0.0,0,5035.0,0.0,0,4242.0,0.0,0,3624.0,0.0,0,3455.0,0.0,0,3811.0,0.0,4988,24089.0,20.706546556519573
2024,comuna,10,Servicio de Salud Metropolitano Occidente,13605,Peñaflor,comuna,comuna,Mujer,0,5837.0,0.0,0,6843.0,0.0,0,5693.0,0.0,0,5597.0,0.0,0,5346.0,0.0,0,6422.0,0.0,7082,35738.0,19.81644188258996
2024,comuna,11,Servicio de Salud Metropolitano Central,13101,Santiago,comuna,comuna,Mujer,0,15613.0,0.0,0,28107.0,0.0,0,26279.0,0.0,0,18291.0,0.0,0,16440.0,0.0,0,22445.0,0.0,23022,127175.0,18.102614507568312
2024,comuna,11,Servicio de Salud Metropolitano Central,13102,Cerrillos,comuna,comuna,Mujer,0,3558.0,0.0,0,4232.0,0.0,0,3679.0,0.0,0,3462.0,0.0,0,3602.0,0.0,0,5275.0,0.0,5473,23808.0,22.98807123655914
2024,comuna,11,Servicio de Salud Metropolitano Central,13106,Estación Central,comuna,comuna,Mujer,0,6381.0,0.0,0,11395.0,0.0,0,8222.0,0.0,0,5731.0,0.0,0,5810.0,0.0,0,7386.0,0.0,8389,44925.0,18.673344462993878
2024,comuna,11,Servicio de Salud Metropolitano Central,13119,Maipú,comuna,comuna,Mujer,0,20660.0,0.0,0,25592.0,0.0,0,21284.0,0.0,0,19617.0,0.0,0,25488.0,0.0,0,30787.0,0.0,31028,143428.0,21.633153916947876
2024,comuna,12,Servicio de Salud Metropolitano Oriente,13113,La Reina,comuna,comuna,Mujer,0,2447.0,0.0,0,3306.0,0.0,0,3037.0,0.0,0,3286.0,0.0,0,3549.0,0.0,0,5962.0,0.0,5423,21587.0,25.12160096354287
2024,comuna,12,Servicio de Salud Metropolitano Oriente,13114,Las Condes,comuna,comuna,Mujer,0,3676.0,0.0,0,5466.0,0.0,0,6055.0,0.0,0,7246.0,0.0,0,8601.0,0.0,0,15110.0,0.0,11184,46154.0,24.23191922693591
2024,comuna,12,Servicio de Salud Metropolitano Oriente,13115,Lo Barnechea,comuna,comuna,Mujer,0,2557.0,0.0,0,3501.0,0.0,0,3976.0,0.0,0,4735.0,0.0,0,4796.0,0.0,0,3948.0,0.0,4518,23513.0,19.214902394420108
2024,comuna,12,Servicio de Salud Metropolitano Oriente,13118,Macul,comuna,comuna,Mujer,0,7512.0,0.0,0,11379.0,0.0,0,9905.0,0.0,0,8916.0,0.0,0,8934.0,0.0,0,13382.0,0.0,14808,60028.0,24.668488038915175
2024,comuna,12,Servicio de Salud Metropolitano Oriente,13120,Ñuñoa,comuna,comuna,Mujer,0,4237.0,0.0,0,6864.0,0.0,0,6818.0,0.0,0,5939.0,0.0,0,7164.0,0.0,0,14774.0,0.0,12289,45796.0,26.83422132937374
2024,comuna,12,Servicio de Salud Metropolitano Oriente,13122,Peñalolén,comuna,comuna,Mujer,0,14581.0,0.0,0,18734.0,0.0,0,15161.0,0.0,0,15524.0,0.0,0,13568.0,0.0,0,17274.0,0.0,21418,94842.0,22.582821956517154
2024,comuna,12,Servicio de Salud Metropolitano Oriente,13123,Providencia,comuna,comuna,Mujer,0,3115.0,0.0,0,5906.0,0.0,0,6238.0,0.0,0,5578.0,0.0,0,6073.0,0.0,0,12047.0,0.0,9397,38957.0,24.12146725877249
2024,comuna,12,Servicio de Salud Metropolitano Oriente,13132,Vitacura,comuna,comuna,Mujer,0,669.0,0.0,0,1049.0,0.0,0,1611.0,0.0,0,2660.0,0.0,0,2968.0,0.0,0,3838.0,0.0,3709,12795.0,28.987885892926922
2024,comuna,13,Servicio de Salud Metropolitano Sur,13105,El Bosque,comuna,comuna,Mujer,0,12943.0,0.0,0,15785.0,0.0,0,13334.0,0.0,0,11176.0,0.0,0,11186.0,0.0,0,13937.0,0.0,20369,78361.0,25.993797935197353
2024,comuna,13,Servicio de Salud Metropolitano Sur,13109,La Cisterna,comuna,comuna,Mujer,0,4624.0,0.0,0,6917.0,0.0,0,5874.0,0.0,0,4680.0,0.0,0,4825.0,0.0,0,7655.0,0.0,9686,34575.0,28.014461315979755
2024,comuna,13,Servicio de Salud Metropolitano Sur,13116,Lo Espejo,comuna,comuna,Mujer,0,6500.0,0.0,0,9025.0,0.0,0,6990.0,0.0,0,5637.0,0.0,0,6793.0,0.0,0,7936.0,0.0,7952,42881.0,18.54434364870222
2024,comuna,13,Servicio de Salud Metropolitano Sur,13121,Pedro Aguirre Cerda,comuna,comuna,Mujer,0,6817.0,0.0,0,9574.0,0.0,0,8242.0,0.0,0,6767.0,0.0,0,8071.0,0.0,0,10461.0,0.0,13794,49932.0,27.62557077625571
2024,comuna,13,Servicio de Salud Metropolitano Sur,13129,San Joaquín,comuna,comuna,Mujer,0,5647.0,0.0,0,8207.0,0.0,0,7028.0,0.0,0,6058.0,0.0,0,6529.0,0.0,0,9162.0,0.0,10969,42631.0,25.73010250756492
2024,comuna,13,Servicio de Salud Metropolitano Sur,13130,San Miguel,comuna,comuna,Mujer,0,5614.0,0.0,0,9989.0,0.0,0,8452.0,0.0,0,6146.0,0.0,0,6786.0,0.0,0,10079.0,0.0,12151,47066.0,25.816937916967664
2024,comuna,13,Servicio de Salud Metropolitano Sur,13401,San Bernardo,comuna,comuna,Mujer,0,18559.0,0.0,0,22107.0,0.0,0,18739.0,0.0,0,16753.0,0.0,0,16054.0,0.0,0,18000.0,0.0,22986,110212.0,20.85616811236526
2024,comuna,13,Servicio de Salud Metropolitano Sur,13402,Buin,comuna,comuna,Mujer,0,6712.0,0.0,0,8333.0,0.0,0,7728.0,0.0,0,6162.0,0.0,0,5709.0,0.0,0,6292.0,0.0,9636,40936.0,23.539183115106507
2024,comuna,13,Servicio de Salud Metropolitano Sur,13403,Calera de Tango,comuna,comuna,Mujer,0,1284.0,0.0,0,1598.0,0.0,0,1359.0,0.0,0,1309.0,0.0,0,1299.0,0.0,0,1415.0,0.0,2083,8264.0,25.20571151984511
2024,comuna,13,Servicio de Salud Metropolitano Sur,13404,Paine,comuna,comuna,Mujer,0,5099.0,0.0,0,6098.0,0.0,0,5283.0,0.0,0,4509.0,0.0,0,4285.0,0.0,0,4625.0,0.0,7514,29899.0,25.131275293488077
2024,comuna,14,Servicio de Salud Metropolitano Sur Oriente,13110,La Florida,comuna,comuna,Mujer,0,22358.0,0.0,0,30149.0,0.0,0,25840.0,0.0,0,22159.0,0.0,0,24117.0,0.0,0,35645.0,0.0,31342,160268.0,19.555993710534857
2024,comuna,14,Servicio de Salud Metropolitano Sur Oriente,13111,La Granja,comuna,comuna,Mujer,0,9906.0,0.0,0,12040.0,0.0,0,10586.0,0.0,0,8786.0,0.0,0,9637.0,0.0,0,11387.0,0.0,10792,62342.0,17.31096211221969
2024,comuna,14,Servicio de Salud Metropolitano Sur Oriente,13112,La Pintana,comuna,comuna,Mujer,0,12415.0,0.0,0,13702.0,0.0,0,11602.0,0.0,0,9856.0,0.0,0,9458.0,0.0,0,11341.0,0.0,13099,68374.0,19.157867025477522
2024,comuna,14,Servicio de Salud Metropolitano Sur Oriente,13131,San Ramón,comuna,comuna,Mujer,0,5682.0,0.0,0,6615.0,0.0,0,5439.0,0.0,0,5639.0,0.0,0,5125.0,0.0,0,7226.0,0.0,9057,35726.0,25.35128477859262
2024,comuna,14,Servicio de Salud Metropolitano Sur Oriente,13201,Puente Alto,comuna,comuna,Mujer,0,30813.0,0.0,0,36879.0,0.0,0,30095.0,0.0,0,28071.0,0.0,0,31880.0,0.0,0,32059.0,0.0,24795,189797.0,13.06395780755228
2024,comuna,14,Servicio de Salud Metropolitano Sur Oriente,13202,Pirque,comuna,comuna,Mujer,0,1656.0,0.0,0,1924.0,0.0,0,1730.0,0.0,0,1615.0,0.0,0,1759.0,0.0,0,1867.0,0.0,2031,10551.0,19.24936025021325
2024,comuna,14,Servicio de Salud Metropolitano Sur Oriente,13203,San José de Maipo,comuna,comuna,Mujer,0,179.0,0.0,0,210.0,0.0,0,214.0,0.0,0,209.0,0.0,0,219.0,0.0,0,203.0,0.0,193,1234.0,15.640194489465154
2025,comuna,9,Servicio de Salud Metropolitano Norte,13104,Conchalí,comuna,comuna,Mujer,0,8207.0,0.0,0,10556.0,0.0,0,9241.0,0.0,0,7906.0,0.0,0,8343.0,0.0,0,11772.0,0.0,16737,56025.0,29.87416331994645
2025,comuna,9,Servicio de Salud Metropolitano Norte,13107,Huechuraba,comuna,comuna,Mujer,0,5541.0,0.0,0,6720.0,0.0,0,5434.0,0.0,0,5124.0,0.0,0,5078.0,0.0,0,6347.0,0.0,9758,34244.0,28.495502861815208
2025,comuna,9,Servicio de Salud Metropolitano Norte,13108,Independencia,comuna,comuna,Mujer,0,6126.0,0.0,0,10921.0,0.0,0,9777.0,0.0,0,6737.0,0.0,0,5726.0,0.0,0,8115.0,0.0,9107,47402.0,19.212269524492637
2025,comuna,9,Servicio de Salud Metropolitano Norte,13125,Quilicura,comuna,comuna,Mujer,0,12757.0,0.0,0,16323.0,0.0,0,14132.0,0.0,0,12280.0,0.0,0,11253.0,0.0,0,10246.0,0.0,18270,76991.0,23.730046369056122
2025,comuna,9,Servicio de Salud Metropolitano Norte,13127,Recoleta,comuna,comuna,Mujer,0,9330.0,0.0,0,12854.0,0.0,0,11384.0,0.0,0,9450.0,0.0,0,8476.0,0.0,0,12256.0,0.0,15070,63750.0,23.639215686274508
2025,comuna,9,Servicio de Salud Metropolitano Norte,13301,Colina,comuna,comuna,Mujer,0,9001.0,0.0,0,10583.0,0.0,0,9544.0,0.0,0,7959.0,0.0,0,6473.0,0.0,0,6219.0,0.0,12348,49779.0,24.805640932923524
2025,comuna,9,Servicio de Salud Metropolitano Norte,13302,Lampa,comuna,comuna,Mujer,0,6629.0,0.0,0,8015.0,0.0,0,6881.0,0.0,0,5209.0,0.0,0,4258.0,0.0,0,4133.0,0.0,9640,35125.0,27.444839857651242
2025,comuna,9,Servicio de Salud Metropolitano Norte,13303,Tiltil,comuna,comuna,Mujer,0,1137.0,0.0,0,1418.0,0.0,0,1277.0,0.0,0,967.0,0.0,0,1037.0,0.0,0,1131.0,0.0,800,6967.0,11.482704176833645
2025,comuna,10,Servicio de Salud Metropolitano Occidente,13103,Cerro Navia,comuna,comuna,Mujer,0,8747.0,0.0,0,11650.0,0.0,0,9431.0,0.0,0,8534.0,0.0,0,8067.0,0.0,0,9964.0,0.0,14147,56393.0,25.086446899437874
2025,comuna,10,Servicio de Salud Metropolitano Occidente,13117,Lo Prado,comuna,comuna,Mujer,0,8692.0,0.0,0,11854.0,0.0,0,10112.0,0.0,0,9598.0,0.0,0,9089.0,0.0,0,12498.0,0.0,16215,61843.0,26.219620652296943
2025,comuna,10,Servicio de Salud Metropolitano Occidente,13124,Pudahuel,comuna,comuna,Mujer,0,14625.0,0.0,0,18809.0,0.0,0,16478.0,0.0,0,14316.0,0.0,0,15193.0,0.0,0,16604.0,0.0,30054,96025.0,31.29809945326738
2025,comuna,10,Servicio de Salud Metropolitano Occidente,13126,Quinta Normal,comuna,comuna,Mujer,0,6522.0,0.0,0,9615.0,0.0,0,8316.0,0.0,0,6623.0,0.0,0,6367.0,0.0,0,9061.0,0.0,11868,46504.0,25.520385343196285
2025,comuna,10,Servicio de Salud Metropolitano Occidente,13128,Renca,comuna,comuna,Mujer,0,10379.0,0.0,0,12360.0,0.0,0,10960.0,0.0,0,9882.0,0.0,0,8399.0,0.0,0,11034.0,0.0,17424,63014.0,27.65099819087822
2025,comuna,10,Servicio de Salud Metropolitano Occidente,13501,Melipilla,comuna,comuna,Mujer,0,8866.0,0.0,0,11023.0,0.0,0,9598.0,0.0,0,7751.0,0.0,0,7643.0,0.0,0,9799.0,0.0,12313,54680.0,22.518288222384783
2025,comuna,10,Servicio de Salud Metropolitano Occidente,13502,Alhué,comuna,comuna,Mujer,0,535.0,0.0,0,834.0,0.0,0,679.0,0.0,0,505.0,0.0,0,449.0,0.0,0,580.0,0.0,1135,3582.0,31.686208821887213
2025,comuna,10,Servicio de Salud Metropolitano Occidente,13503,Curacaví,comuna,comuna,Mujer,0,175.0,0.0,0,281.0,0.0,0,263.0,0.0,0,203.0,0.0,0,220.0,0.0,0,320.0,0.0,944,1462.0,64.56908344733242
2025,comuna,10,Servicio de Salud Metropolitano Occidente,13504,Maria Pinto,comuna,comuna,Mujer,0,1080.0,0.0,0,1323.0,0.0,0,1220.0,0.0,0,1023.0,0.0,0,1036.0,0.0,0,1278.0,0.0,1782,6960.0,25.603448275862068
2025,comuna,10,Servicio de Salud Metropolitano Occidente,13505,San Pedro,comuna,comuna,Mujer,0,1169.0,0.0,0,1409.0,0.0,0,1087.0,0.0,0,803.0,0.0,0,682.0,0.0,0,951.0,0.0,1279,6101.0,20.96377643009343
2025,comuna,10,Servicio de Salud Metropolitano Occidente,13601,Talagante,comuna,comuna,Mujer,0,4153.0,0.0,0,5063.0,0.0,0,4613.0,0.0,0,3794.0,0.0,0,4237.0,0.0,0,4876.0,0.0,6960,26736.0,26.032315978456015
2025,comuna,10,Servicio de Salud Metropolitano Occidente,13602,El Monte,comuna,comuna,Mujer,0,2383.0,0.0,0,2742.0,0.0,0,2625.0,0.0,0,2153.0,0.0,0,2169.0,0.0,0,2478.0,0.0,3391,14550.0,23.305841924398628
2025,comuna,10,Servicio de Salud Metropolitano Occidente,13603,Isla de Maipo,comuna,comuna,Mujer,0,2518.0,0.0,0,2867.0,0.0,0,2655.0,0.0,0,2252.0,0.0,0,2269.0,0.0,0,2587.0,0.0,3523,15148.0,23.2571956693953
2025,comuna,10,Servicio de Salud Metropolitano Occidente,13604,Padre Hurtado,comuna,comuna,Mujer,0,4133.0,0.0,0,5354.0,0.0,0,4758.0,0.0,0,3765.0,0.0,0,3642.0,0.0,0,4058.0,0.0,8716,25710.0,33.901205756514976
2025,comuna,10,Servicio de Salud Metropolitano Occidente,13605,Peñaflor,comuna,comuna,Mujer,0,5999.0,0.0,0,6820.0,0.0,0,6015.0,0.0,0,5672.0,0.0,0,5457.0,0.0,0,6685.0,0.0,9873,36648.0,26.94007858546169
2025,comuna,11,Servicio de Salud Metropolitano Central,13101,Santiago,comuna,comuna,Mujer,0,17352.0,0.0,0,29707.0,0.0,0,28941.0,0.0,0,19937.0,0.0,0,17306.0,0.0,0,23584.0,0.0,30640,136827.0,22.39324110007528
2025,comuna,11,Servicio de Salud Metropolitano Central,13102,Cerrillos,comuna,comuna,Mujer,0,3771.0,0.0,0,4681.0,0.0,0,4187.0,0.0,0,3695.0,0.0,0,3743.0,0.0,0,5627.0,0.0,8276,25704.0,32.197323373793964
2025,comuna,11,Servicio de Salud Metropolitano Central,13106,Estación Central,comuna,comuna,Mujer,0,7156.0,0.0,0,12377.0,0.0,0,9468.0,0.0,0,6229.0,0.0,0,6175.0,0.0,0,7753.0,0.0,12091,49158.0,24.59620000813703
2025,comuna,11,Servicio de Salud Metropolitano Central,13119,Maipú,comuna,comuna,Mujer,0,21761.0,0.0,0,27086.0,0.0,0,23433.0,0.0,0,20383.0,0.0,0,26330.0,0.0,0,33489.0,0.0,42288,152482.0,27.733109481774896
2025,comuna,12,Servicio de Salud Metropolitano Oriente,13113,La Reina,comuna,comuna,Mujer,0,2514.0,0.0,0,3352.0,0.0,0,3209.0,0.0,0,3369.0,0.0,0,3614.0,0.0,0,6161.0,0.0,6496,22219.0,29.23623925469193
2025,comuna,12,Servicio de Salud Metropolitano Oriente,13114,Las Condes,comuna,comuna,Mujer,0,3774.0,0.0,0,5639.0,0.0,0,6309.0,0.0,0,7462.0,0.0,0,8768.0,0.0,0,15753.0,0.0,14046,47705.0,29.443454564511057
2025,comuna,12,Servicio de Salud Metropolitano Oriente,13115,Lo Barnechea,comuna,comuna,Mujer,0,2670.0,0.0,0,3433.0,0.0,0,4017.0,0.0,0,4721.0,0.0,0,4953.0,0.0,0,4222.0,0.0,5490,24016.0,22.859760159893405
2025,comuna,12,Servicio de Salud Metropolitano Oriente,13118,Macul,comuna,comuna,Mujer,0,7888.0,0.0,0,11566.0,0.0,0,10355.0,0.0,0,9108.0,0.0,0,8932.0,0.0,0,13581.0,0.0,16561,61430.0,26.959140485105
2025,comuna,12,Servicio de Salud Metropolitano Oriente,13120,Ñuñoa,comuna,comuna,Mujer,0,4636.0,0.0,0,7771.0,0.0,0,7852.0,0.0,0,6589.0,0.0,0,7575.0,0.0,0,15650.0,0.0,15274,50073.0,30.50346494118587
2025,comuna,12,Servicio de Salud Metropolitano Oriente,13122,Peñalolén,comuna,comuna,Mujer,0,14718.0,0.0,0,18622.0,0.0,0,15715.0,0.0,0,15414.0,0.0,0,13919.0,0.0,0,17693.0,0.0,26176,96081.0,27.243679811825437
2025,comuna,12,Servicio de Salud Metropolitano Oriente,13123,Providencia,comuna,comuna,Mujer,0,3149.0,0.0,0,6282.0,0.0,0,6906.0,0.0,0,5875.0,0.0,0,6215.0,0.0,0,12398.0,0.0,10944,40825.0,26.807103490508265
2025,comuna,12,Servicio de Salud Metropolitano Oriente,13132,Vitacura,comuna,comuna,Mujer,0,722.0,0.0,0,1128.0,0.0,0,1624.0,0.0,0,2726.0,0.0,0,3078.0,0.0,0,3968.0,0.0,5102,13246.0,38.51728823795863
2025,comuna,13,Servicio de Salud Metropolitano Sur,13105,El Bosque,comuna,comuna,Mujer,0,12984.0,0.0,0,15683.0,0.0,0,13842.0,0.0,0,11117.0,0.0,0,11234.0,0.0,0,14356.0,0.0,24601,79216.0,31.05559482932741
2025,comuna,13,Servicio de Salud Metropolitano Sur,13109,La Cisterna,comuna,comuna,Mujer,0,4891.0,0.0,0,7202.0,0.0,0,6448.0,0.0,0,4908.0,0.0,0,4979.0,0.0,0,7955.0,0.0,11522,36383.0,31.668636451089792
2025,comuna,13,Servicio de Salud Metropolitano Sur,13116,Lo Espejo,comuna,comuna,Mujer,0,6461.0,0.0,0,9031.0,0.0,0,7404.0,0.0,0,5649.0,0.0,0,6691.0,0.0,0,8246.0,0.0,11228,43482.0,25.822179292580838
2025,comuna,13,Servicio de Salud Metropolitano Sur,13121,Pedro Aguirre Cerda,comuna,comuna,Mujer,0,6868.0,0.0,0,9690.0,0.0,0,8598.0,0.0,0,6752.0,0.0,0,7920.0,0.0,0,10810.0,0.0,17026,50638.0,33.62297089142541
2025,comuna,13,Servicio de Salud Metropolitano Sur,13129,San Joaquín,comuna,comuna,Mujer,0,5952.0,0.0,0,8634.0,0.0,0,7594.0,0.0,0,6221.0,0.0,0,6665.0,0.0,0,9446.0,0.0,14209,44512.0,31.921728971962615
2025,comuna,13,Servicio de Salud Metropolitano Sur,13130,San Miguel,comuna,comuna,Mujer,0,6061.0,0.0,0,10616.0,0.0,0,9494.0,0.0,0,6621.0,0.0,0,7108.0,0.0,0,10628.0,0.0,16451,50528.0,32.55818556048132
2025,comuna,13,Servicio de Salud Metropolitano Sur,13401,San Bernardo,comuna,comuna,Mujer,0,18829.0,0.0,0,22389.0,0.0,0,19626.0,0.0,0,16824.0,0.0,0,16291.0,0.0,0,18793.0,0.0,28605,112752.0,25.369838229033633
2025,comuna,13,Servicio de Salud Metropolitano Sur,13402,Buin,comuna,comuna,Mujer,0,6815.0,0.0,0,8400.0,0.0,0,8326.0,0.0,0,6341.0,0.0,0,5909.0,0.0,0,6650.0,0.0,12176,42441.0,28.689239179095686
2025,comuna,13,Servicio de Salud Metropolitano Sur,13403,Calera de Tango,comuna,comuna,Mujer,0,1320.0,0.0,0,1597.0,0.0,0,1463.0,0.0,0,1345.0,0.0,0,1332.0,0.0,0,1526.0,0.0,2718,8583.0,31.667249213561693
2025,comuna,13,Servicio de Salud Metropolitano Sur,13404,Paine,comuna,comuna,Mujer,0,5283.0,0.0,0,6182.0,0.0,0,5657.0,0.0,0,4621.0,0.0,0,4428.0,0.0,0,4908.0,0.0,9725,31079.0,31.291225586408828
2025,comuna,14,Servicio de Salud Metropolitano Sur Oriente,13110,La Florida,comuna,comuna,Mujer,0,23034.0,0.0,0,30902.0,0.0,0,27379.0,0.0,0,22802.0,0.0,0,24353.0,0.0,0,37287.0,0.0,39692,165757.0,23.945896704211584
2025,comuna,14,Servicio de Salud Metropolitano Sur Oriente,13111,La Granja,comuna,comuna,Mujer,0,9558.0,0.0,0,11737.0,0.0,0,10684.0,0.0,0,8714.0,0.0,0,9303.0,0.0,0,11643.0,0.0,14649,61639.0,23.76579762812505
2025,comuna,14,Servicio de Salud Metropolitano Sur Oriente,13112,La Pintana,comuna,comuna,Mujer,0,12688.0,0.0,0,13785.0,0.0,0,12040.0,0.0,0,9899.0,0.0,0,9372.0,0.0,0,11847.0,0.0,17446,69631.0,25.054932429521333
2025,comuna,14,Servicio de Salud Metropolitano Sur Oriente,13131,San Ramón,comuna,comuna,Mujer,0,5727.0,0.0,0,6789.0,0.0,0,5725.0,0.0,0,5582.0,0.0,0,5419.0,0.0,0,7425.0,0.0,12170,36667.0,33.190607358114924
2025,comuna,14,Servicio de Salud Metropolitano Sur Oriente,13201,Puente Alto,comuna,comuna,Mujer,0,31365.0,0.0,0,37584.0,0.0,0,31994.0,0.0,0,28276.0,0.0,0,32572.0,0.0,0,34260.0,0.0,29947,196051.0,15.275106987467545
2025,comuna,14,Servicio de Salud Metropolitano Sur Oriente,13202,Pirque,comuna,comuna,Mujer,0,1645.0,0.0,0,1931.0,0.0,0,1818.0,0.0,0,1693.0,0.0,0,1779.0,0.0,0,1989.0,0.0,2861,10855.0,26.35651773376324
2025,comuna,14,Servicio de Salud Metropolitano Sur Oriente,13203,San José de Maipo,comuna,comuna,Mujer,0,177.0,0.0,0,199.0,0.0,0,229.0,0.0,0,199.0,0.0,0,222.0,0.0,0,207.0,0.0,203,1233.0,16.463909164639094
